epoch,time,train/box_loss,train/cls_loss,train/dfl_loss,metrics/precision(B),metrics/recall(B),metrics/mAP50(B),metrics/mAP50-95(B),val/box_loss,val/cls_loss,val/dfl_loss,lr/pg0,lr/pg1,lr/pg2
1,20.6453,2.01984,3.83475,1.08396,0.01241,0.93056,0.0367,0.01222,1.90555,3.6393,1.05379,8e-05,8e-05,8e-05
2,38.7631,1.8984,2.47457,1.06365,0.01315,0.98611,0.04597,0.02003,1.73674,3.42858,1.00467,0.000179109,0.000179109,0.000179109
3,56.4282,1.76759,1.48097,1.0779,0.01333,1,0.04519,0.01946,1.59838,3.3786,0.9703,0.000277228,0.000277228,0.000277228
4,74.0981,1.75603,1.41182,1.05242,0.01333,1,0.05144,0.0218,1.58785,3.31971,0.96962,0.000374357,0.000374357,0.000374357
5,92.1419,1.7348,1.38383,1.04704,0.01333,1,0.05046,0.02143,1.53585,3.21352,0.9641,0.000470496,0.000470496,0.000470496
6,109.947,1.69346,1.23756,1.04244,0.01333,1,0.0664,0.0314,1.53534,3.15779,0.96056,0.000565645,0.000565645,0.000565645
7,127.526,1.68628,1.18161,0.99433,0.01296,0.97222,0.62985,0.25375,1.57929,2.99799,0.96233,0.000659804,0.000659804,0.000659804
8,145.305,1.71346,1.15743,1.03501,0.01315,0.98611,0.06521,0.02784,1.56114,3.03934,0.96859,0.000752973,0.000752973,0.000752973
9,163.183,1.76226,1.15135,0.99635,0.01315,0.98611,0.32817,0.12775,1.57304,2.96967,0.98106,0.000845152,0.000845152,0.000845152
10,180.921,1.64458,1.07747,1.00354,0.01333,1,0.70834,0.28732,1.67914,2.88035,1.00082,0.000936341,0.000936341,0.000936341
11,196.899,1.77813,1.11139,1.06023,0.01333,1,0.82028,0.35961,1.60723,2.81879,0.96947,0.00102654,0.00102654,0.00102654
12,213.031,1.70151,1.08592,1.04515,0.08318,0.94444,0.78355,0.33403,1.5674,2.54748,0.98624,0.00111575,0.00111575,0.00111575
13,228.843,1.6823,1.11151,1.02171,0.73268,0.65278,0.77618,0.33104,1.61916,2.46645,1.00704,0.00120397,0.00120397,0.00120397
14,244.613,1.77005,1.08018,1.06219,0.96652,0.401,0.93647,0.47565,1.58324,2.19543,1.0185,0.0012912,0.0012912,0.0012912
15,260.291,1.75984,1.06923,1.03975,0.97362,0.51266,0.95508,0.49012,1.56267,2.11517,0.97733,0.00137744,0.00137744,0.00137744
16,275.935,1.72568,1.0166,1.03463,0.89824,0.61303,0.91506,0.4073,1.67715,2.06687,1.02166,0.00146269,0.00146269,0.00146269
17,291.583,1.74434,1.08598,1.05607,0.88546,0.88889,0.91518,0.4024,1.62151,2.03802,0.99619,0.00154694,0.00154694,0.00154694
18,307.177,1.65561,1.03725,1.00582,0.89087,0.93056,0.95564,0.41748,1.68972,1.63198,1.01143,0.00163021,0.00163021,0.00163021
19,322.739,1.65077,0.9981,1.01001,0.87305,0.98611,0.95962,0.43369,1.63568,1.48121,0.99589,0.00171249,0.00171249,0.00171249
20,338.38,1.77716,1.0171,1.05754,0.77611,0.96294,0.91125,0.42096,1.69736,1.47887,1.03166,0.00179378,0.00179378,0.00179378
21,353.835,1.68052,1.09919,1.08001,0.77664,0.94444,0.89883,0.38255,1.72824,1.41734,1.04433,0.001802,0.001802,0.001802
22,369.365,1.79963,1.01551,1.05622,0.87546,0.95833,0.96607,0.46357,1.68811,1.17345,1.03767,0.0017921,0.0017921,0.0017921
23,384.924,1.71407,1.0212,1.01167,0.86796,0.94444,0.95974,0.48119,1.63359,1.12872,1.02848,0.0017822,0.0017822,0.0017822
24,400.537,1.64919,0.96199,1.01427,0.87114,0.84722,0.93166,0.4614,1.66154,1.04624,1.04207,0.0017723,0.0017723,0.0017723
25,416.024,1.6872,0.9459,1.04364,0.89886,0.81944,0.91589,0.45062,1.64104,0.99513,1.02813,0.0017624,0.0017624,0.0017624
26,431.681,1.63413,0.91141,1.0271,0.8831,0.83944,0.93224,0.48225,1.62662,0.98581,1.02063,0.0017525,0.0017525,0.0017525
27,447.315,1.67064,0.91611,1.01948,0.82357,0.86111,0.93457,0.48814,1.62218,1.05152,1.02128,0.0017426,0.0017426,0.0017426
28,462.954,1.66806,0.93446,1.0121,0.81422,0.81944,0.90338,0.42241,1.75038,1.00856,1.06212,0.0017327,0.0017327,0.0017327
29,478.562,1.64542,0.91025,1.03215,0.77497,0.81944,0.89284,0.45083,1.6738,1.02535,1.04679,0.0017228,0.0017228,0.0017228
30,494.038,1.65079,0.89629,1.02394,0.79896,0.81944,0.91357,0.45858,1.63381,0.95028,1.0429,0.0017129,0.0017129,0.0017129
31,509.511,1.60875,0.87969,1.00334,0.78407,0.80556,0.89739,0.44922,1.63583,0.92252,1.04257,0.001703,0.001703,0.001703
32,525.052,1.69224,0.88866,1.03683,0.85459,0.90278,0.94998,0.47134,1.67355,0.91044,1.04122,0.0016931,0.0016931,0.0016931
33,540.663,1.65189,0.88588,1.00102,0.83361,0.98611,0.95518,0.4975,1.60454,0.94716,1.01799,0.0016832,0.0016832,0.0016832
34,556.131,1.64734,0.90572,1.05774,0.87443,0.98611,0.96765,0.51457,1.56237,0.8621,1.00364,0.0016733,0.0016733,0.0016733
35,571.907,1.6684,0.90078,1.00801,0.93626,0.93056,0.97507,0.48413,1.62243,0.84395,1.01491,0.0016634,0.0016634,0.0016634
36,587.393,1.64311,0.8961,0.99714,0.92389,0.95833,0.97527,0.48703,1.61738,0.82397,1.00679,0.0016535,0.0016535,0.0016535
37,602.84,1.67143,0.91294,1.03211,0.94934,0.97222,0.98771,0.49074,1.67878,0.81737,1.02669,0.0016436,0.0016436,0.0016436
38,618.366,1.68788,0.90516,0.9937,0.93075,0.98611,0.98359,0.45342,1.66032,0.80096,1.01938,0.0016337,0.0016337,0.0016337
39,633.772,1.60762,0.88353,1.00798,0.8798,0.94444,0.91304,0.42726,1.69204,0.88867,1.01996,0.0016238,0.0016238,0.0016238
40,649.228,1.58472,0.84382,1.01445,0.89947,0.97222,0.95288,0.43555,1.6559,0.79334,1.01801,0.0016139,0.0016139,0.0016139
41,664.722,1.71131,0.90696,1.0417,0.86837,0.95833,0.89917,0.42029,1.67143,0.80803,1.02284,0.001604,0.001604,0.001604
42,680.16,1.66978,0.85206,1.05654,0.88274,0.95833,0.9472,0.45338,1.6769,0.84229,1.0279,0.0015941,0.0015941,0.0015941
43,695.631,1.5997,0.83706,1.00931,0.90658,0.97222,0.97484,0.48323,1.65976,0.81043,1.02375,0.0015842,0.0015842,0.0015842
44,711.219,1.59736,0.82843,1.00443,0.94267,0.97222,0.98141,0.5077,1.63558,0.87212,1.01712,0.0015743,0.0015743,0.0015743
45,726.611,1.64496,0.8435,1.01545,0.93879,0.97222,0.96644,0.47711,1.65768,0.7733,1.02241,0.0015644,0.0015644,0.0015644
46,742.069,1.59434,0.82562,1.02108,0.94642,0.98137,0.98191,0.47067,1.7401,0.78239,1.04024,0.0015545,0.0015545,0.0015545
47,757.602,1.57199,0.80984,0.99635,0.95208,0.97222,0.98605,0.47978,1.7124,0.88243,1.03563,0.0015446,0.0015446,0.0015446
48,773.234,1.62631,0.83689,1.0349,0.91854,0.97222,0.9849,0.50434,1.62949,0.82195,1.01261,0.0015347,0.0015347,0.0015347
49,788.85,1.5898,0.833,1.01046,0.93209,0.95323,0.98199,0.4485,1.76606,0.82778,1.04912,0.0015248,0.0015248,0.0015248
50,804.291,1.62318,0.83106,1.0117,0.92872,0.98611,0.97497,0.46929,1.67494,0.80626,1.01973,0.0015149,0.0015149,0.0015149
51,819.774,1.59719,0.83666,1.00755,0.87762,0.97222,0.94421,0.48433,1.60792,0.83123,1.00995,0.001505,0.001505,0.001505
52,837.224,1.59755,0.78032,1.03757,0.91338,0.98611,0.9746,0.4683,1.66425,0.83464,1.02367,0.0014951,0.0014951,0.0014951
53,852.746,1.50408,0.76129,1.01594,0.91945,1,0.98254,0.48298,1.65228,0.75417,1.01885,0.0014852,0.0014852,0.0014852
54,868.318,1.59861,0.80211,0.9953,0.92195,0.98435,0.9813,0.50576,1.62069,0.74362,1.01474,0.0014753,0.0014753,0.0014753
55,883.821,1.63209,0.79254,1.02881,0.89735,1,0.98015,0.49105,1.62973,0.73668,1.01223,0.0014654,0.0014654,0.0014654
56,899.345,1.59618,0.77949,1.00528,0.9208,0.96889,0.97394,0.49503,1.65696,0.74006,1.01773,0.0014555,0.0014555,0.0014555
57,914.927,1.5898,0.80502,1.01224,0.91087,0.99361,0.9776,0.49693,1.63526,0.74413,1.01547,0.0014456,0.0014456,0.0014456
58,930.426,1.59348,0.78689,1.00736,0.91118,1,0.98331,0.48786,1.6489,0.74528,1.01632,0.0014357,0.0014357,0.0014357
59,946.021,1.56498,0.79408,0.99817,0.91481,1,0.98485,0.48053,1.65598,0.72871,1.01956,0.0014258,0.0014258,0.0014258
60,961.596,1.59889,0.77216,1.02025,0.95764,0.9421,0.98431,0.4704,1.71213,0.72577,1.03288,0.0014159,0.0014159,0.0014159
61,977.046,1.57172,0.76222,1.00368,0.92307,0.97222,0.98014,0.46553,1.7456,0.72433,1.03632,0.001406,0.001406,0.001406
62,992.512,1.57735,0.79051,0.98533,0.93672,0.98611,0.98306,0.4636,1.76767,0.74574,1.03814,0.0013961,0.0013961,0.0013961
63,1008.08,1.62254,0.7596,1.00499,0.9526,0.98611,0.98719,0.49062,1.71005,0.73677,1.02434,0.0013862,0.0013862,0.0013862
64,1023.71,1.5358,0.74847,0.98347,0.97211,0.96818,0.98564,0.50975,1.62503,0.82384,1.00917,0.0013763,0.0013763,0.0013763
65,1039.25,1.57326,0.77488,1.00995,0.9608,0.95833,0.9832,0.49724,1.65988,0.80249,1.0217,0.0013664,0.0013664,0.0013664
66,1054.9,1.60543,0.77669,1.00104,0.94545,0.98611,0.9845,0.49167,1.63806,0.76845,1.0142,0.0013565,0.0013565,0.0013565
67,1070.4,1.59506,0.79469,1.02857,0.94614,0.98611,0.98178,0.49773,1.62663,0.74497,1.01303,0.0013466,0.0013466,0.0013466
68,1085.95,1.59118,0.75657,1.00593,0.92282,0.94444,0.96561,0.46744,1.71258,0.72005,1.04551,0.0013367,0.0013367,0.0013367
69,1101.5,1.55474,0.72169,1.00501,0.91948,0.9516,0.96554,0.46213,1.71598,0.71826,1.04746,0.0013268,0.0013268,0.0013268
70,1117.12,1.56748,0.73712,1.01558,0.89801,0.98611,0.97689,0.48255,1.66866,0.70774,1.0358,0.0013169,0.0013169,0.0013169
71,1132.65,1.57271,0.73696,1.02327,0.89844,0.98611,0.97556,0.48524,1.68484,0.72531,1.04027,0.001307,0.001307,0.001307
72,1148.21,1.59935,0.76046,1.01791,0.89645,0.96195,0.96497,0.4654,1.73995,0.74735,1.05242,0.0012971,0.0012971,0.0012971
73,1163.77,1.50032,0.74586,0.98866,0.89935,0.99282,0.98506,0.49272,1.64991,0.72604,1.02112,0.0012872,0.0012872,0.0012872
74,1179.32,1.49865,0.72229,0.97736,0.91186,1,0.98536,0.51505,1.5853,0.72288,1.0032,0.0012773,0.0012773,0.0012773
75,1194.94,1.46919,0.72392,0.98393,0.9422,1,0.98845,0.48074,1.63751,0.79433,1.01254,0.0012674,0.0012674,0.0012674
76,1210.57,1.55391,0.74027,0.99317,0.94571,0.96787,0.98368,0.50622,1.60187,0.74782,1.00447,0.0012575,0.0012575,0.0012575
77,1226.08,1.55561,0.73754,0.97683,0.93363,0.97694,0.97573,0.50632,1.64,0.70975,1.01403,0.0012476,0.0012476,0.0012476
78,1241.62,1.58381,0.73526,0.99165,0.91656,0.97222,0.97194,0.52047,1.63429,0.69977,1.01246,0.0012377,0.0012377,0.0012377
79,1257.19,1.57273,0.77731,1.00584,0.91581,0.95833,0.9632,0.48319,1.66511,0.72726,1.02424,0.0012278,0.0012278,0.0012278
80,1272.74,1.59346,0.76075,0.99178,0.90731,0.95169,0.96846,0.50128,1.61689,0.70787,1.01512,0.0012179,0.0012179,0.0012179
81,1288.35,1.52649,0.70467,0.98099,0.87708,0.99106,0.96936,0.51427,1.60648,0.70351,1.01394,0.001208,0.001208,0.001208
82,1303.9,1.54468,0.7085,1.00084,0.88666,0.98611,0.97232,0.50839,1.61859,0.71943,1.0136,0.0011981,0.0011981,0.0011981
83,1319.5,1.56601,0.7381,0.99946,0.88706,0.9818,0.97356,0.50092,1.65035,0.70652,1.0165,0.0011882,0.0011882,0.0011882
84,1335.19,1.51311,0.70101,0.97336,0.93507,0.93056,0.97278,0.48185,1.65156,0.70708,1.01762,0.0011783,0.0011783,0.0011783
85,1350.7,1.55246,0.71243,1.00698,0.8848,0.97222,0.97043,0.47977,1.62692,0.73106,1.01554,0.0011684,0.0011684,0.0011684
86,1366.28,1.63377,0.72534,0.9966,0.88634,0.95833,0.96886,0.49105,1.60698,0.73165,1.00995,0.0011585,0.0011585,0.0011585
87,1381.85,1.56063,0.71272,0.99019,0.90266,0.97222,0.9698,0.50333,1.5873,0.7107,1.00406,0.0011486,0.0011486,0.0011486
88,1397.46,1.48416,0.70328,0.95881,0.93091,0.93575,0.97557,0.49095,1.6412,0.69499,1.01292,0.0011387,0.0011387,0.0011387
89,1413.05,1.5739,0.68598,1.00034,0.94514,0.95714,0.97948,0.50084,1.64267,0.6882,1.01521,0.0011288,0.0011288,0.0011288
90,1428.67,1.51346,0.69945,0.97932,0.92817,0.97222,0.97819,0.49745,1.68013,0.69519,1.02933,0.0011189,0.0011189,0.0011189
91,1444.24,1.60329,0.72373,1.00251,0.93073,0.97222,0.98263,0.49696,1.68477,0.69443,1.0331,0.001109,0.001109,0.001109
92,1459.89,1.55305,0.71286,0.99532,0.91228,0.97222,0.98528,0.51001,1.66224,0.67222,1.01733,0.0010991,0.0010991,0.0010991
93,1475.69,1.55218,0.70151,1.00506,0.90727,0.98611,0.97863,0.52105,1.63872,0.68177,1.01221,0.0010892,0.0010892,0.0010892
94,1491.32,1.58342,0.70012,1.01205,0.92097,0.97108,0.96278,0.50301,1.61861,0.69086,1.00893,0.0010793,0.0010793,0.0010793
95,1506.93,1.52755,0.68434,0.97808,0.9189,0.94418,0.9517,0.4945,1.61168,0.69516,1.00623,0.0010694,0.0010694,0.0010694
96,1522.47,1.5453,0.71173,0.98765,0.91744,0.95833,0.9545,0.49195,1.66704,0.69261,1.01782,0.0010595,0.0010595,0.0010595
97,1538.02,1.48595,0.66741,0.97813,0.93174,0.94801,0.96703,0.49437,1.69326,0.67013,1.02149,0.0010496,0.0010496,0.0010496
98,1553.67,1.51456,0.69429,1.00418,0.94337,0.92552,0.96951,0.50583,1.66853,0.66996,1.01681,0.0010397,0.0010397,0.0010397
99,1569.2,1.49623,0.69721,0.98656,0.94821,0.94444,0.98403,0.53266,1.62372,0.67991,1.00511,0.0010298,0.0010298,0.0010298
100,1584.89,1.55041,0.6845,1.0121,0.94984,0.97222,0.98667,0.51363,1.64432,0.68622,1.01834,0.0010199,0.0010199,0.0010199
101,1600.53,1.55676,0.69316,0.98983,0.97138,0.94265,0.98422,0.49845,1.68982,0.67663,1.03015,0.00101,0.00101,0.00101
102,1616.15,1.47989,0.67195,0.96957,0.97127,0.93916,0.98176,0.48861,1.72177,0.67723,1.03416,0.0010001,0.0010001,0.0010001
103,1631.66,1.47388,0.64805,0.985,0.9582,0.94444,0.98256,0.49434,1.69657,0.66927,1.02719,0.0009902,0.0009902,0.0009902
104,1647.23,1.44308,0.66469,0.9621,0.94063,0.95833,0.9802,0.49857,1.64212,0.65262,1.0152,0.0009803,0.0009803,0.0009803
105,1662.61,1.50792,0.68199,0.97618,0.945,0.95466,0.98207,0.50776,1.63135,0.64456,1.01469,0.0009704,0.0009704,0.0009704
106,1678.04,1.47622,0.6592,0.96836,0.94401,0.9367,0.98223,0.50467,1.63701,0.66151,1.01497,0.0009605,0.0009605,0.0009605
107,1693.49,1.48671,0.68118,0.99713,0.93371,0.94444,0.97698,0.50149,1.65351,0.68796,1.01406,0.0009506,0.0009506,0.0009506
108,1709.18,1.4881,0.67786,0.98273,0.94194,0.94444,0.97091,0.47783,1.69517,0.67142,1.02159,0.0009407,0.0009407,0.0009407
109,1724.56,1.46597,0.66027,0.96872,0.95351,0.94444,0.97548,0.47932,1.67973,0.65439,1.02103,0.0009308,0.0009308,0.0009308
110,1739.94,1.44051,0.64524,0.9725,0.90604,0.98611,0.98055,0.48192,1.64671,0.65311,1.00992,0.0009209,0.0009209,0.0009209
111,1755.42,1.45502,0.65103,0.97714,0.89683,0.98611,0.98007,0.48542,1.64401,0.65081,1.00401,0.000911,0.000911,0.000911
112,1770.93,1.41201,0.63124,0.96008,0.89559,0.95833,0.95708,0.49235,1.62597,0.69524,0.99579,0.0009011,0.0009011,0.0009011
113,1786.32,1.44399,0.66816,0.96678,0.89573,0.95833,0.94738,0.48353,1.63602,0.6915,0.99862,0.0008912,0.0008912,0.0008912
114,1801.7,1.43698,0.6535,0.97446,0.91639,0.94444,0.95557,0.4882,1.63871,0.68904,1.00067,0.0008813,0.0008813,0.0008813
115,1817.14,1.51443,0.6831,0.98491,0.91901,0.94558,0.96669,0.49331,1.66474,0.67477,1.01179,0.0008714,0.0008714,0.0008714
116,1832.55,1.4526,0.6283,0.99516,0.89113,0.95833,0.96914,0.47817,1.7266,0.66882,1.02748,0.0008615,0.0008615,0.0008615
117,1848,1.49038,0.6447,0.98753,0.89751,0.97297,0.97958,0.47132,1.73557,0.65819,1.03157,0.0008516,0.0008516,0.0008516
118,1863.49,1.45644,0.64941,0.99468,0.90887,0.96961,0.9792,0.46848,1.76845,0.65727,1.03961,0.0008417,0.0008417,0.0008417
119,1878.92,1.51667,0.66507,0.98796,0.88854,0.99651,0.9743,0.44906,1.79312,0.66856,1.04867,0.0008318,0.0008318,0.0008318
120,1894.72,1.41398,0.62961,0.98571,0.88842,0.99528,0.95823,0.41548,1.83168,0.68579,1.07098,0.0008219,0.0008219,0.0008219
121,1910.25,1.38392,0.62706,0.96678,0.88375,0.97222,0.92886,0.42811,1.82349,0.67947,1.06786,0.000812,0.000812,0.000812
122,1925.68,1.412,0.63615,0.95593,0.88353,0.94831,0.9309,0.43901,1.80694,0.67056,1.06007,0.0008021,0.0008021,0.0008021
123,1941.1,1.46814,0.6702,0.96898,0.92343,0.95833,0.95369,0.45706,1.79713,0.669,1.05565,0.0007922,0.0007922,0.0007922
124,1956.61,1.36792,0.62579,0.94146,0.93213,0.95375,0.97321,0.47429,1.74538,0.65856,1.04624,0.0007823,0.0007823,0.0007823
125,1972.14,1.38021,0.62108,0.95595,0.90972,0.97967,0.97726,0.4605,1.73832,0.6499,1.04604,0.0007724,0.0007724,0.0007724
126,1987.6,1.37773,0.61327,0.96214,0.94477,0.95039,0.97776,0.45582,1.76213,0.65989,1.05302,0.0007625,0.0007625,0.0007625
127,2003.02,1.35121,0.62685,0.94781,0.94494,0.95343,0.97634,0.46852,1.7468,0.66461,1.04901,0.0007526,0.0007526,0.0007526
128,2018.47,1.37048,0.62138,0.9498,0.93519,0.91667,0.97738,0.48078,1.71725,0.67853,1.04452,0.0007427,0.0007427,0.0007427
129,2033.9,1.43859,0.6413,0.97817,0.95707,0.92903,0.98462,0.47355,1.73555,0.68607,1.05645,0.0007328,0.0007328,0.0007328
130,2049.44,1.39359,0.61739,0.96517,0.97649,0.93056,0.98762,0.48061,1.70774,0.6547,1.04964,0.0007229,0.0007229,0.0007229
131,2064.78,1.37653,0.63041,0.94785,0.98076,0.93056,0.98783,0.49469,1.70189,0.63787,1.04089,0.000713,0.000713,0.000713
132,2080.21,1.38692,0.59677,0.96862,0.98733,0.93056,0.98926,0.47281,1.72636,0.64844,1.04932,0.0007031,0.0007031,0.0007031
133,2095.64,1.3785,0.61796,0.96701,0.98511,0.91895,0.98758,0.46377,1.73598,0.65339,1.05681,0.0006932,0.0006932,0.0006932
134,2111.1,1.3454,0.61132,0.93436,0.98334,0.91667,0.98711,0.46496,1.7282,0.66476,1.05456,0.0006833,0.0006833,0.0006833
135,2126.65,1.37753,0.62468,0.93629,0.96848,0.93056,0.98675,0.47117,1.72941,0.68451,1.05244,0.0006734,0.0006734,0.0006734
136,2142.1,1.37907,0.63217,0.94256,0.94369,0.93104,0.98652,0.4786,1.74523,0.66879,1.05332,0.0006635,0.0006635,0.0006635
137,2157.54,1.36624,0.63966,0.93044,0.93941,0.94444,0.9836,0.46516,1.76428,0.66393,1.05515,0.0006536,0.0006536,0.0006536
138,2173.85,1.39884,0.61074,0.9816,0.94422,0.94444,0.97749,0.46564,1.77736,0.66321,1.05859,0.0006437,0.0006437,0.0006437
139,2189.14,1.42067,0.64095,0.97253,0.94048,0.94444,0.9728,0.46599,1.75674,0.64357,1.05316,0.0006338,0.0006338,0.0006338
140,2204.62,1.31245,0.5887,0.94391,0.91971,0.97222,0.96217,0.46261,1.75582,0.65297,1.04604,0.0006239,0.0006239,0.0006239
141,2220.03,1.34748,0.60477,0.93615,0.9251,0.95833,0.95762,0.45276,1.76582,0.65292,1.05164,0.000614,0.000614,0.000614
142,2235.53,1.35,0.60476,0.93252,0.92878,0.95833,0.95813,0.44989,1.74587,0.65273,1.05135,0.0006041,0.0006041,0.0006041
143,2250.92,1.32569,0.57917,0.95018,0.92001,0.94444,0.95629,0.45122,1.72931,0.67147,1.04491,0.0005942,0.0005942,0.0005942
144,2266.34,1.33221,0.5996,0.95337,0.91785,0.95833,0.95481,0.45635,1.73765,0.67147,1.04845,0.0005843,0.0005843,0.0005843
145,2281.76,1.29872,0.6195,0.92275,0.92698,0.94444,0.95775,0.4461,1.74159,0.66954,1.05184,0.0005744,0.0005744,0.0005744
146,2297.17,1.30045,0.58608,0.91686,0.93149,0.94444,0.95873,0.45705,1.74701,0.66111,1.05271,0.0005645,0.0005645,0.0005645
147,2312.62,1.31332,0.61577,0.94322,0.91956,0.95274,0.9563,0.44708,1.75917,0.66098,1.05368,0.0005546,0.0005546,0.0005546
148,2328.06,1.35072,0.58994,0.96093,0.9036,0.91138,0.92376,0.426,1.79514,0.67757,1.06063,0.0005447,0.0005447,0.0005447
149,2343.51,1.3081,0.59529,0.93983,0.93085,0.93484,0.96068,0.43555,1.77851,0.67008,1.05421,0.0005348,0.0005348,0.0005348
150,2359.06,1.30683,0.58584,0.94376,0.9442,0.94009,0.96177,0.43385,1.77664,0.65684,1.05033,0.0005249,0.0005249,0.0005249
151,2374.59,1.31114,0.57706,0.93775,0.94383,0.93358,0.96218,0.43238,1.77656,0.65169,1.04936,0.000515,0.000515,0.000515
152,2390.06,1.21657,0.57181,0.91267,0.91798,0.95833,0.96925,0.43607,1.8085,0.66873,1.05649,0.0005051,0.0005051,0.0005051
153,2405.62,1.27283,0.57514,0.93045,0.95537,0.89199,0.94666,0.43285,1.83358,0.6784,1.06237,0.0004952,0.0004952,0.0004952
154,2421,1.30408,0.58759,0.97169,0.95585,0.90209,0.94544,0.43065,1.84947,0.67323,1.06441,0.0004853,0.0004853,0.0004853
155,2436.45,1.30016,0.57019,0.94122,0.95693,0.92585,0.96733,0.44716,1.85413,0.66068,1.06805,0.0004754,0.0004754,0.0004754
156,2452,1.27109,0.58124,0.91809,0.9482,0.91667,0.97842,0.45832,1.80607,0.65953,1.06312,0.0004655,0.0004655,0.0004655
157,2467.4,1.26442,0.55799,0.92599,0.91993,0.9574,0.98006,0.45434,1.80555,0.65923,1.05844,0.0004556,0.0004556,0.0004556
158,2482.78,1.25483,0.5792,0.92798,0.95767,0.94265,0.97847,0.45248,1.79351,0.65875,1.05513,0.0004457,0.0004457,0.0004457
159,2498.14,1.25462,0.54444,0.94676,0.93013,0.97222,0.97395,0.46014,1.76128,0.66262,1.05348,0.0004358,0.0004358,0.0004358
160,2513.58,1.24833,0.561,0.9119,0.91985,0.95833,0.97047,0.44896,1.74956,0.65342,1.05817,0.0004259,0.0004259,0.0004259
161,2528.98,1.25919,0.54766,0.93389,0.93228,0.95604,0.97328,0.46133,1.72607,0.63943,1.0537,0.000416,0.000416,0.000416
162,2544.54,1.23681,0.55815,0.91234,0.94464,0.94804,0.97385,0.46525,1.73485,0.6476,1.04766,0.0004061,0.0004061,0.0004061
163,2560.11,1.25319,0.56326,0.91499,0.95787,0.94743,0.97619,0.46008,1.75316,0.65487,1.04571,0.0003962,0.0003962,0.0003962
164,2575.57,1.23567,0.56612,0.93031,0.95765,0.94233,0.96806,0.45754,1.75341,0.65385,1.0485,0.0003863,0.0003863,0.0003863
165,2591.04,1.27236,0.56758,0.93995,0.94424,0.95833,0.97906,0.45905,1.74172,0.64645,1.05039,0.0003764,0.0003764,0.0003764
166,2606.61,1.25409,0.55692,0.92488,0.94506,0.95559,0.97743,0.45643,1.74366,0.65175,1.05286,0.0003665,0.0003665,0.0003665
167,2622.05,1.27984,0.59055,0.91733,0.94417,0.93964,0.96117,0.457,1.74634,0.65465,1.05652,0.0003566,0.0003566,0.0003566
168,2637.51,1.2497,0.54274,0.90971,0.8977,0.95833,0.95089,0.44425,1.79225,0.65853,1.06818,0.0003467,0.0003467,0.0003467
169,2652.87,1.20947,0.55036,0.9109,0.89699,0.95833,0.94915,0.42622,1.83427,0.66007,1.07627,0.0003368,0.0003368,0.0003368
170,2668.37,1.21429,0.53754,0.91236,0.9075,0.95381,0.94807,0.4268,1.84636,0.6588,1.07893,0.0003269,0.0003269,0.0003269
171,2684.07,1.20301,0.55293,0.90139,0.91792,0.97222,0.95437,0.4323,1.82912,0.651,1.07682,0.000317,0.000317,0.000317
172,2699.67,1.19434,0.55084,0.90415,0.90539,0.93041,0.9251,0.4274,1.81471,0.65184,1.08214,0.0003071,0.0003071,0.0003071
173,2715.31,1.17921,0.52726,0.91682,0.85272,0.97222,0.92196,0.41989,1.81911,0.6613,1.08432,0.0002972,0.0002972,0.0002972
174,2730.79,1.20396,0.52958,0.92046,0.86542,0.98248,0.92465,0.41857,1.83848,0.67403,1.08549,0.0002873,0.0002873,0.0002873
175,2746.19,1.22197,0.53281,0.93484,0.8603,0.97222,0.92033,0.42478,1.87094,0.68408,1.0892,0.0002774,0.0002774,0.0002774
176,2761.77,1.1844,0.53389,0.91107,0.86156,0.97222,0.92967,0.42533,1.89278,0.68223,1.09623,0.0002675,0.0002675,0.0002675
177,2777.05,1.2006,0.52945,0.92111,0.86596,0.97222,0.93192,0.43161,1.86102,0.66871,1.08801,0.0002576,0.0002576,0.0002576
178,2792.37,1.10211,0.50696,0.90314,0.87561,0.97222,0.93827,0.44458,1.8264,0.65649,1.07979,0.0002477,0.0002477,0.0002477
179,2807.77,1.12044,0.50906,0.92631,0.89545,0.97222,0.94486,0.45768,1.80695,0.64719,1.07412,0.0002378,0.0002378,0.0002378
180,2823.31,1.11424,0.50476,0.90639,0.89734,0.97117,0.96356,0.46703,1.79958,0.63939,1.06738,0.0002279,0.0002279,0.0002279
181,2838.76,1.15941,0.54438,0.88983,0.93108,0.93056,0.96459,0.46487,1.81079,0.64635,1.07233,0.000218,0.000218,0.000218
182,2854.25,1.16975,0.54322,0.91721,0.91345,0.93056,0.95679,0.46277,1.81274,0.64965,1.07356,0.0002081,0.0002081,0.0002081
183,2869.67,1.11994,0.51872,0.90208,0.89522,0.94935,0.95697,0.46912,1.79867,0.64789,1.07035,0.0001982,0.0001982,0.0001982
184,2885.31,1.16919,0.53706,0.88201,0.8939,0.93619,0.95624,0.46121,1.78768,0.65701,1.07415,0.0001883,0.0001883,0.0001883
185,2901.64,1.14838,0.54364,0.88866,0.89375,0.94444,0.95703,0.45574,1.78863,0.66052,1.07774,0.0001784,0.0001784,0.0001784
186,2917.13,1.10476,0.50424,0.9132,0.88977,0.93056,0.9578,0.45059,1.79773,0.6623,1.0814,0.0001685,0.0001685,0.0001685
187,2932.7,1.15377,0.51837,0.91577,0.8948,0.93056,0.95864,0.4456,1.81379,0.66489,1.08492,0.0001586,0.0001586,0.0001586
188,2948.18,1.12117,0.50911,0.92512,0.91946,0.95133,0.97233,0.45218,1.83582,0.65776,1.09091,0.0001487,0.0001487,0.0001487
189,2963.64,1.12394,0.49781,0.91802,0.91962,0.95833,0.97241,0.4472,1.83725,0.64934,1.09261,0.0001388,0.0001388,0.0001388
190,2979.38,1.09004,0.50607,0.87998,0.91851,0.93932,0.96148,0.44508,1.83587,0.64291,1.0947,0.0001289,0.0001289,0.0001289
191,2995.07,1.16373,0.5655,0.95541,0.91854,0.93969,0.96213,0.43739,1.83622,0.64067,1.0976,0.000119,0.000119,0.000119
192,3010.46,1.09107,0.55531,0.89922,0.9181,0.93424,0.9656,0.43098,1.85664,0.65874,1.10514,0.0001091,0.0001091,0.0001091
193,3033.72,1.06873,0.52227,0.92418,0.93158,0.94556,0.97575,0.43206,1.86638,0.67348,1.10788,9.92e-05,9.92e-05,9.92e-05
194,3075.35,1.08748,0.53352,0.91597,0.93649,0.94444,0.97659,0.43179,1.8728,0.68295,1.10901,8.93e-05,8.93e-05,8.93e-05
195,3114.63,1.01308,0.49956,0.88655,0.92289,0.94444,0.97508,0.43153,1.87654,0.68667,1.11025,7.94e-05,7.94e-05,7.94e-05
196,3130.41,1.03583,0.50681,0.89812,0.90427,0.93056,0.96102,0.42339,1.88015,0.68827,1.11163,6.95e-05,6.95e-05,6.95e-05
197,3146.12,1.00521,0.4975,0.88038,0.90342,0.90951,0.96107,0.42871,1.87771,0.68398,1.11096,5.96e-05,5.96e-05,5.96e-05
198,3161.52,1.0173,0.47766,0.89845,0.90309,0.906,0.96157,0.42688,1.87342,0.67723,1.10922,4.97e-05,4.97e-05,4.97e-05
199,3177.02,1.05881,0.48985,0.92814,0.90215,0.88889,0.94991,0.42906,1.86995,0.67414,1.10821,3.98e-05,3.98e-05,3.98e-05
